Product,Link,,Key Ingredients
Ashwagandha Capsules,https://kapiva.in/solution/daily-wellness/ashwagandha-gold-capsules-60-caps/?utm_source=chatbot&utm_medium=whatsapp&utm_campaign=inhousebot,,"Swarna Bhasma, Shilajit, Gokshura, Black Musli, Nagori Ashwagandha"
Brahmi Capsules,https://kapiva.in/de-stress-and-memory-boosting/kapiva-brahmi-capsules-60-caps/?utm_source=chatbot&utm_medium=whatsapp&utm_campaign=inhousebot,,Brahmi
Moringa Capsules,https://kapiva.in/daily-wellness/moringa-capsule/?utm_source=chatbot&utm_medium=whatsapp&utm_campaign=inhousebot,,Moringa
Noni Juice,https://kapiva.in/detox/kapiva-noni-juice-1l/?utm_source=chatbot&utm_medium=whatsapp&utm_campaign=inhousebot,,
Shilajit Capsules,https://kapiva.in/mens-health/shilajit-gold-capsules-60-cap/?utm_source=chatbot&utm_medium=whatsapp&utm_campaign=inhousebot,,"Shilajit, Nagori Ashwagandha, Safed Musli, Gokshura, Green Coffee Beans"
Ashwagandha + Destress Capsules,https://kapiva.in/solution/daily-wellness/ashwagandha-gold-capsules-60-caps/?utm_source=chatbot&utm_medium=whatsapp&utm_campaign=inhousebot,,"Swarna Bhasma, Shilajit, Gokshura, Black Musli, Nagori Ashwagandha"
Curcumin + Anti-Allergy Capsules,https://kapiva.in/immunity/kapiva-curcumin-giloy-capsules-60-caps/?utm_source=chatbot&utm_medium=whatsapp&utm_campaign=inhousebot,,
Garcinia + Slimming Capsules,https://kapiva.in/weight-loss/kapiva-garcinia-slimming-capsules/?utm_source=chatbot&utm_medium=whatsapp&utm_campaign=inhousebot,,"Garcina, Green Coffee Beans"
Milk Thistle + Anti-Aging Capsules,https://kapiva.in/skin-hair/kapiva-milk-thistle-anti-aging-capsules-60-caps/?utm_source=chatbot&utm_medium=whatsapp&utm_campaign=inhousebot,,Turmeric
Neem Glow Capsules,https://kapiva.in/skin-hair/kapiva-neem-glow-capsules-60-caps/?utm_source=chatbot&utm_medium=whatsapp&utm_campaign=inhousebot,,"Neem, Turmeric"
Shilajeet + Stamina Capsules,https://kapiva.in/mens-health/kapiva-shilajeet-stamina-capsules/?utm_source=chatbot&utm_medium=whatsapp&utm_campaign=inhousebot,,"Shilajeet, Safed Musli"
Cardio Care Capsules,https://kapiva.in/blood-pressure/kapiva-cardio-care-capsules-60-caps/?utm_source=chatbot&utm_medium=whatsapp&utm_campaign=inhousebot,,Guggul
Cholest Fit Capsules,https://kapiva.in/blood-pressure/kapiva-cholest-fit-capsules-60-caps/?utm_source=chatbot&utm_medium=whatsapp&utm_campaign=inhousebot,,"Arjuna, Garlic"
Dia Free Capsules,https://kapiva.in/diabetes-care/kapiva-dia-free-capsules-60-caps/?utm_source=chatbot&utm_medium=whatsapp&utm_campaign=inhousebot,,"Karela, Giloy, Jamun Seeds"
Get Slim Capsules,https://kapiva.in/weight-loss/kapiva-get-slim-capsules-60-caps/?utm_source=chatbot&utm_medium=whatsapp&utm_campaign=inhousebot,,"Garcina, Methi, Haritaki, Ginger"
Himalayan Shialajit Resin,https://kapiva.in/mens-health/kapiva-himalayan-shilajit-resin-20g/?utm_source=chatbot&utm_medium=whatsapp&utm_campaign=inhousebot,,Shilajeet
No Stress Capsules,https://kapiva.in/de-stress-and-memory-boosting/kapiva-no-stress-capsules-60-caps/?utm_source=chatbot&utm_medium=whatsapp&utm_campaign=inhousebot,,Ashwagandha
Sound Sleep Capsules,https://kapiva.in/de-stress-and-memory-boosting/kapiva-sound-sleep-capsules-60-caps/?utm_source=chatbot&utm_medium=whatsapp&utm_campaign=inhousebot,,"Ashwagandha, Tagar, Brahmi"
Spirulina Plus Capsules,https://kapiva.in/strength/kapiva-spirulina-plus-capsules-60-caps/?utm_source=chatbot&utm_medium=whatsapp&utm_campaign=inhousebot,,Spirulina
Vigor Max Capsules,https://kapiva.in/mens-health/kapiva-vigor-max-60-capsules/?utm_source=chatbot&utm_medium=whatsapp&utm_campaign=inhousebot,,"Ashwagandha, Shilajeet"
Spirulina + Nutrition Capsules,https://kapiva.in/strength/kapiva-spirulina-plus-capsules-60-caps/?utm_source=chatbot&utm_medium=whatsapp&utm_campaign=inhousebot,,Spirulina
Him Foods Endurance,https://kapiva.in/solution/mens-care/him-foods-endurance-60-capsules/?utm_source=chatbot&utm_medium=whatsapp&utm_campaign=inhousebot,,"Ashwagandha, Shilajeet"
Staminup,https://kapiva.in/solution/mens-care/staminup-60-capsules/?utm_source=chatbot&utm_medium=whatsapp&utm_campaign=inhousebot,,"Safed Musli, Kaunch Beej"
Testosterone Boost,https://kapiva.in/himfoods-testo-boost/?utm_source=chatbot&utm_medium=whatsapp&utm_campaign=inhousebot,,"Shilajeet, Safed Musli"
Him Foods Shilajit Gold Resin,https://kapiva.in/mens-health/him-foods-shilajit-gold-20g/?utm_source=chatbot&utm_medium=whatsapp&utm_campaign=inhousebot,,"Nagori Ashwagandha, Black Musli, Swarna Bhasma, shilajit, Haldi, Gokshura"
Ashwagandha Gold Capsules,https://kapiva.in/solution/daily-wellness/ashwagandha-gold-capsules-60-caps/?utm_source=chatbot&utm_medium=whatsapp&utm_campaign=inhousebot,,"Swarna Bhasma, Shilajit, Gokshura, Black Musli, Nagori Ashwagandha"
Shilajit Gold Capsules,https://kapiva.in/mens-health/shilajit-gold-capsules-60-cap/?utm_source=chatbot&utm_medium=whatsapp&utm_campaign=inhousebot,,"Shilajit, Nagori Ashwagandha, Safed Musli, Gokshura, Green Coffee Beans"
Pcos Care Capsules,https://kapiva.in/solution/womens-care/Her-Foods-pcos-care/?utm_source=chatbot&utm_medium=whatsapp&utm_campaign=inhousebot,,"Methika, Vijayasar, Gajar Beej"
Her Foods Uti Care Capsules,https://kapiva.in/solution/womens-care/her-foods-uti-care/?utm_source=chatbot&utm_medium=whatsapp&utm_campaign=inhousebot,,"Punarnava, Gokshura, Shweta Parpati, Guggul"
Ayur Foods Triphala Plus Capsules,https://kapiva.in/daily-wellness/triphala-capsule/?utm_source=chatbot&utm_medium=whatsapp&utm_campaign=inhousebot,,"Triphala, Amla"
Ayur Foods Gokshura Plus Capsules,https://kapiva.in/daily-wellness/gokshura-capsule/?utm_source=chatbot&utm_medium=whatsapp&utm_campaign=inhousebot,,Gokshura
Ayur Foods Moringa Plus Capsules,https://kapiva.in/daily-wellness/moringa-capsule/?utm_source=chatbot&utm_medium=whatsapp&utm_campaign=inhousebot,,Moringa
Tulsi Ark,https://kapiva.in/immunity/kapiva-pure-tulsi-ark/?utm_source=chatbot&utm_medium=whatsapp&utm_campaign=inhousebot,,
Ark Drops,https://kapiva.in/immunity/kapiva-pure-tulsi-ark/?utm_source=chatbot&utm_medium=whatsapp&utm_campaign=inhousebot,,
Rose Water,https://kapiva.in/solution/skin/skin-rituals-rose-water/?utm_source=chatbot&utm_medium=whatsapp&utm_campaign=inhousebot,,Organic Damask Roses
Ghee Kumkumadi Body Butter,https://kapiva.in/solution/skin-care/ghee-kumkumadi-body-butter/?utm_source=chatbot&utm_medium=whatsapp&utm_campaign=inhousebot,,"Shata Dhauta Ghee, Raktachandan, Kumkumadi Tailam, Almond Oil"
Aloe + Garcinia Juice,https://kapiva.in/weight-loss/kapiva-aloe-garcinia-juice-1-l/?utm_source=chatbot&utm_medium=whatsapp&utm_campaign=inhousebot,,"Aloe Vera, Garcinia"
Immune Care Juice,https://kapiva.in/immunity/kapiva-immune-care-juice-1l/?utm_source=chatbot&utm_medium=whatsapp&utm_campaign=inhousebot,,Giloy
Karela Jamun Juice,https://kapiva.in/diabetes-care/kapiva-karela-jamun-juice-1-l/?utm_source=chatbot&utm_medium=whatsapp&utm_campaign=inhousebot,,"Karela, Jamun Seeds"
Slim Shake,https://kapiva.in/weight-loss/kapiva-meal-replacement-slim-shake-chocolate-500g/?utm_source=chatbot&utm_medium=whatsapp&utm_campaign=inhousebot,,"Garcina, Green Coffee Beans, Cinnamon, Apple Cider Vinegar"
Amla + Giloy Juice,https://kapiva.in/immunity/kapiva-amla-giloy-juice-1l/?utm_source=chatbot&utm_medium=whatsapp&utm_campaign=inhousebot,,Amla
Wheat Grass Juice,https://kapiva.in/detox/kapiva-wheat-grass-juice-1-l/?utm_source=chatbot&utm_medium=whatsapp&utm_campaign=inhousebot,,Wheatgrass
Neem Juice,https://kapiva.in/diabetes-care/kapiva-neem-juice-1-l/?utm_source=chatbot&utm_medium=whatsapp&utm_campaign=inhousebot,,Neem
Aloe Vera Juice,https://kapiva.in/skin-hair/kapiva-aloe-vera-juice-1-l/?utm_source=chatbot&utm_medium=whatsapp&utm_campaign=inhousebot,,Aloe Vera
Dia Free Juice,https://kapiva.in/kapiva-dia-free-juice-1-l/?utm_source=chatbot&utm_medium=whatsapp&utm_campaign=inhousebot,,"Karela, Jamun, Amla"
Noni Juice,https://kapiva.in/detox/kapiva-noni-juice-1l/?utm_source=chatbot&utm_medium=whatsapp&utm_campaign=inhousebot,,
Get Slim Juice,https://kapiva.in/weight-loss/kapiva-get-slim-juice-1-l/?utm_source=chatbot&utm_medium=whatsapp&utm_campaign=inhousebot,,"Daruharidra, Katuki, Gokshura, Madhunashini, Amla"
Aloe + Shilajeet Juice,https://kapiva.in/skin-hair/kapiva-aloe-vera-juice-1-l/?utm_source=chatbot&utm_medium=whatsapp&utm_campaign=inhousebot,,Aloe Vera
Aloe Vera Skin Gel,https://kapiva.in/skin-hair/kapiva-aloe-vera-skin-gel-500gms/?utm_source=chatbot&utm_medium=whatsapp&utm_campaign=inhousebot,,Aloe Vera
Amla Juice,https://kapiva.in/immunity/kapiva-amla-juice-1-l/?utm_source=chatbot&utm_medium=whatsapp&utm_campaign=inhousebot,,Amla
Tulsi Giloy Juice,https://kapiva.in/immunity/kapiva-tulsi-giloy-juice-1-l/?utm_source=chatbot&utm_medium=whatsapp&utm_campaign=inhousebot,,
Artho Sure Juice,https://kapiva.in/artho-care/kapiva-artho-sure-juice-1-l/?utm_source=chatbot&utm_medium=whatsapp&utm_campaign=inhousebot,,"Giloy, Ashwagandha, Kutki"
Get Slim Green Tea,https://kapiva.in/solution/weight-management/get-slim-tea/?utm_source=chatbot&utm_medium=whatsapp&utm_campaign=inhousebot,,"Green Tea, Garcinia, Ginger, Cinnamon"
Wild Giloy Juice,https://kapiva.in/immunity/kapiva-tulsi-giloy-juice-1-l/?utm_source=chatbot&utm_medium=whatsapp&utm_campaign=inhousebot,,
Organic Apple Cider Vinegar,https://kapiva.in/weight-loss/kapiva-organic-apple-cider-vinegar-500-ml/?utm_source=chatbot&utm_medium=whatsapp&utm_campaign=inhousebot,,
Vegan Protein,https://kapiva.in/daily-diet/kapiva-vegan-protein-chocolate-1-kg/?utm_source=chatbot&utm_medium=whatsapp&utm_campaign=inhousebot,,
Virgin Coconut Oil,https://kapiva.in/blood-pressure/kapiva-virgin-coconut-oil-500-ml-pack-of-2/?utm_source=chatbot&utm_medium=whatsapp&utm_campaign=inhousebot,,
Aloe + Amla Juice,https://kapiva.in/skin-hair/kapiva-aloe-amla-juice-1l/?utm_source=chatbot&utm_medium=whatsapp&utm_campaign=inhousebot,,Amla
Digesti Care Juice,https://kapiva.in/solution/digestion/digesti-care-juice/?utm_source=chatbot&utm_medium=whatsapp&utm_campaign=inhousebot,,"Jeera, Ajwain, Hing, Dhaniya, Amla"
Organic Gulkand,https://kapiva.in/daily-diet/kapiva-organic-gulkand-300gm/?utm_source=chatbot&utm_medium=whatsapp&utm_campaign=inhousebot,,"Indian Damask Rose , Organic Mishri"
Organic Ghee,https://kapiva.in/artho-care/kapiva-organic-cow-ghee-500-ml/?utm_source=chatbot&utm_medium=whatsapp&utm_campaign=inhousebot,,Cow Milk
Organic Cold Pressed Mustard Oil,https://kapiva.in/solution/daily-diet/organic-mustard-oil-1l-pack-of-2/?utm_source=chatbot&utm_medium=whatsapp&utm_campaign=inhousebot,,
Hair Care Juice,https://kapiva.in/skin-hair/kapiva-hair-care-juice/?utm_source=chatbot&utm_medium=whatsapp&utm_campaign=inhousebot,,"Noni, Amla, Ashwagandha"
Raw Honey ( Madhu),https://kapiva.in/daily-diet/kapiva-raw-honey-madhu-500-grams/?utm_source=chatbot&utm_medium=whatsapp&utm_campaign=inhousebot,,Honey
Chayawanprash,https://kapiva.in/immunity/kapiva-chyawanprash-500-grams/?utm_source=chatbot&utm_medium=whatsapp&utm_campaign=inhousebot,,"Amla, Honey"
Period Care Juice,https://kapiva.in/womens-health/kapiva-period-care-juice/?utm_source=chatbot&utm_medium=whatsapp&utm_campaign=inhousebot,,"Ashoka, Mulethi, Shatavari, Noni, Lodhra"
Skin Foods Glow Mix,https://kapiva.in/solution/skin/skin-foods-glow-mix/?utm_source=chatbot&utm_medium=whatsapp&utm_campaign=inhousebot,,"Rose, Shatavari, Pomegranate, Mulethi"
Acne Ease Juice,https://kapiva.in/skin-hair/kapiva-acne-ease-juice/?utm_source=chatbot&utm_medium=whatsapp&utm_campaign=inhousebot,,"Manjistha, Turmeric, Neem, Aloe Vera"
Bp Care Juice,https://kapiva.in/bp-care-juice-with-10-potent-herbs/?utm_source=chatbot&utm_medium=whatsapp&utm_campaign=inhousebot,,"Arjuna, Guggul, Shankhpushpi"
Vigor Max Juice,https://kapiva.in/mens-health/kapiva-vigor-max-juice-1-l/?utm_source=chatbot&utm_medium=whatsapp&utm_campaign=inhousebot,,"Ashwagandha, Kaunch Beej, Safed Musli"
Kashmiri Kesar,https://kapiva.in/solution/daily-wellness/kashmiri-mongra-kesar-1g/?utm_source=chatbot&utm_medium=whatsapp&utm_campaign=inhousebot,,Kesar
Triphala Juice,https://kapiva.in/digestion/kapiva-triphala-juice-1l/?utm_source=chatbot&utm_medium=whatsapp&utm_campaign=inhousebot,,Amla
Apple Cider Vinegar,https://kapiva.in/weight-loss/kapiva-apple-cider-vinegar-500-ml/?utm_source=chatbot&utm_medium=whatsapp&utm_campaign=inhousebot,,Himalayan Apple
Wild Honey,https://kapiva.in/daily-diet/kapiva-raw-honey-madhu-500-grams/?utm_source=chatbot&utm_medium=whatsapp&utm_campaign=inhousebot,,Honey
Liver Care Juice,https://kapiva.in/solution/detox/liver-care-juice/?utm_source=chatbot&utm_medium=whatsapp&utm_campaign=inhousebot,,Amla
Organic Sesame Oil,https://kapiva.in/daily-diet/kapiva-organic-sesame-oil/?utm_source=chatbot&utm_medium=whatsapp&utm_campaign=inhousebot,,Organic Sesame Seeds
Bhringraj Hair Nourish Oil,https://kapiva.in/hair/bhringraj-hair-nourish-oil/?utm_source=chatbot&utm_medium=whatsapp&utm_campaign=inhousebot,,"Hibiscus, Bhringraj, Brahmi Oil"
Hair Rituals Tulsi Anti Hairfall Oil,https://kapiva.in/hair/tulsi-anti-hair-fall-oil/?utm_source=chatbot&utm_medium=whatsapp&utm_campaign=inhousebot,,"Tulsi, Bhringraj, Mulethi"
Wholesome Wellness Combo,https://kapiva.in/detox/kapiva-wholesome-wellness-combo/?utm_source=chatbot&utm_medium=whatsapp&utm_campaign=inhousebot,,"Wheatgrass, Amla"
Stone Go Juice,https://kapiva.in/kidney-stone/kapiva-stone-go-juice-1l/?utm_source=chatbot&utm_medium=whatsapp&utm_campaign=inhousebot,,
Svastha Green Tea Assortment Pack,https://kapiva.in/daily-diet/kapiva-svastha-good-health-green-tea-assortment-pack-20-tea-bags/?utm_source=chatbot&utm_medium=whatsapp&utm_campaign=inhousebot,,"Ashwagandha, Garcinia"
Get Slim Mix,https://kapiva.in/weight-loss/get-slim-mix/?utm_source=chatbot&utm_medium=whatsapp&utm_campaign=inhousebot,,"Green Coffee Beans, Cinnamon, Apple Cider Vinegar, Ginger"
Ashwagandha Anti Aging Face Oil,https://kapiva.in/solution/skin-care/ashwagandha-anti-aging-face-oil/?utm_source=chatbot&utm_medium=whatsapp&utm_campaign=inhousebot,,"Ashwagandha Oil, Bakuchi Oil, Apricot Oil, Chirata Actives"
Kumkumadi Glow Face Oil,https://kapiva.in/solution/skin-care/kumkumadi-glow-face-oil/?utm_source=chatbot&utm_medium=whatsapp&utm_campaign=inhousebot,,"Kumkumadi Tailam, Jojoba Seed oil, Chirata Actives, Green Tea"
Aloe Rose Gel,https://kapiva.in/solution/aloe-rose-gel/?utm_source=chatbot&utm_medium=whatsapp&utm_campaign=inhousebot,,"Aloe Vera, Rose"
Skin Rituals Aloe Rose Gel,https://kapiva.in/solution/aloe-rose-gel/?utm_source=chatbot&utm_medium=whatsapp&utm_campaign=inhousebot,,"Aloe Vera, Rose"
Hair Rituals Tulsi Anti-Hairfall Shampoo,https://kapiva.in/solution/hair-care/tulsi-anti-hairfall-shampoo/?utm_source=chatbot&utm_medium=whatsapp&utm_campaign=inhousebot,,"Tulsi, Coconut"
Skin Rituals Ghee Kumkumadi Body Lotion,https://kapiva.in/solution/skin-care/ghee-kumkumadi-body-lotion/?utm_source=chatbot&utm_medium=whatsapp&utm_campaign=inhousebot,,"Shata Dhauta Ghee, Kumkumadi Tailam, Raktachandan, Almond Oil"
Skin Rituals Tulsi Anti-Acne Face Wash,https://kapiva.in/solution/skin/acne-control-tulsi-face-wash/?utm_source=chatbot&utm_medium=whatsapp&utm_campaign=inhousebot,,"Panch Tulsi, Green Tea, Neem"
Bhringraj Hair Nourish Mask,https://kapiva.in/solution/hair-care/bhringraj-hair-nourish-mask/?utm_source=chatbot&utm_medium=whatsapp&utm_campaign=inhousebot,,"Bhringraj, Hibiscus, Methi"
Skin Rituals Kumkumadi Glow Face Wash,https://kapiva.in/solution/skin/glow-kumkumadi-face-wash/?utm_source=chatbot&utm_medium=whatsapp&utm_campaign=inhousebot,,"Kumkumadi Tailam, Turmeric, Manjistha"
Himalayan Shialajit Resin,https://kapiva.in/mens-health/kapiva-himalayan-shilajit-resin-20g/?utm_source=chatbot&utm_medium=whatsapp&utm_campaign=inhousebot,,Shilajeet
Juice Rotation Starter Pack,https://kapiva.in/immunity/kapiva-juice-rotation-starter-pack/?utm_source=chatbot&utm_medium=whatsapp&utm_campaign=inhousebot,,"Giloy, Aloe Vera, Wheatgrass, Amla"
Tulsi Gilloy Juice,https://kapiva.in/immunity/kapiva-tulsi-giloy-juice-1-l/?utm_source=chatbot&utm_medium=whatsapp&utm_campaign=inhousebot,,
Aloe Vera Sanitizer,https://kapiva.in/skin-hair/kapiva-aloe-vera-skin-gel-500gms/?utm_source=chatbot&utm_medium=whatsapp&utm_campaign=inhousebot,,Aloe Vera
Neem Comb,https://kapiva.in/solution/hair-care/neem-comb/?utm_source=chatbot&utm_medium=whatsapp&utm_campaign=inhousebot,,Neem Wood
Pure Foods Organic Gulkand,https://kapiva.in/daily-diet/kapiva-organic-gulkand-300gm/?utm_source=chatbot&utm_medium=whatsapp&utm_campaign=inhousebot,,"Indian Damask Rose , Organic Mishri"
Coconut Oil,https://kapiva.in/blood-pressure/kapiva-virgin-coconut-oil-500-ml-pack-of-2/?utm_source=chatbot&utm_medium=whatsapp&utm_campaign=inhousebot,,
Neem Oil,https://kapiva.in/skin-hair/neem-power-combo-kapiva-neem-juice-1l-pack-of-2/?utm_source=chatbot&utm_medium=whatsapp&utm_campaign=inhousebot,,Neem
Neem Glow Oil,https://kapiva.in/skin-hair/kapiva-neem-glow-capsules-60-caps/?utm_source=chatbot&utm_medium=whatsapp&utm_campaign=inhousebot,,"Neem, Turmeric"
Onion Oil,https://kapiva.in/solution/hair/onion-brahmi-hair-oil/?utm_source=chatbot&utm_medium=whatsapp&utm_campaign=inhousebot,,"Red Onion, Apple Cider Vinegar, Brahmi"
Amla Hair Oil,https://kapiva.in/skin-hair/kapiva-hair-care-juice/?utm_source=chatbot&utm_medium=whatsapp&utm_campaign=inhousebot,,"Noni, Amla, Ashwagandha"
Skin Rituals Ashwagandha Anti-Aging Face Oil,https://kapiva.in/solution/skin-care/ashwagandha-anti-aging-face-oil/?utm_source=chatbot&utm_medium=whatsapp&utm_campaign=inhousebot,,"Ashwagandha Oil, Bakuchi Oil, Apricot Oil, Chirata Actives"
Hair Rituals Curry Leaf Grey Control Hair Oil,https://kapiva.in/solution/hair-care/curry-leaf-grey-control-hair-oil/?utm_source=chatbot&utm_medium=whatsapp&utm_campaign=inhousebot,,"Curry Leaf, Moong Dal, Shikakai"
Hair Rituals Onion Brahmi Hair Oil,https://kapiva.in/solution/hair/onion-brahmi-hair-oil/?utm_source=chatbot&utm_medium=whatsapp&utm_campaign=inhousebot,,"Red Onion, Apple Cider Vinegar, Brahmi"
Triphala Juice,https://kapiva.in/digestion/kapiva-triphala-juice-1l/?utm_source=chatbot&utm_medium=whatsapp&utm_campaign=inhousebot,,Amla
Wheat Grass Powder,https://kapiva.in/detox/kapiva-wheat-grass-juice-1-l/?utm_source=chatbot&utm_medium=whatsapp&utm_campaign=inhousebot,,Wheatgrass
Plant Protein,https://kapiva.in/daily-diet/kapiva-vegan-protein-chocolate-1-kg/?utm_source=chatbot&utm_medium=whatsapp&utm_campaign=inhousebot,,
Skin Food Glow Powder,https://kapiva.in/solution/skin/skin-foods-glow-mix/?utm_source=chatbot&utm_medium=whatsapp&utm_campaign=inhousebot,,"Rose, Shatavari, Pomegranate, Mulethi"
Dia Foods Green Tea,https://kapiva.in/diabetes-care/dia-free-green-tea-45g/?utm_source=chatbot&utm_medium=whatsapp&utm_campaign=inhousebot,,"Jamun Seeds, Green Tea, Methi Seeds, Vijaysar"
Hair Foods Hair Fall Ease Gummies (Male),https://kapiva.in/solution/hair/hair-gummies-men-60-pack/?utm_source=chatbot&utm_medium=whatsapp&utm_campaign=inhousebot,,"Bhringraj, Hibiscus, Sesbania"
Hair Foods Hair Fall Ease Gummies (Female),https://kapiva.in/solution/hair/hair-gummies-women-60-pack/?utm_source=chatbot&utm_medium=whatsapp&utm_campaign=inhousebot,,"Bhringraj, Hibiscus, Sesbania"
Health Foods Cholest Fit,https://kapiva.in/blood-pressure/kapiva-cholest-fit-capsules-60-caps/?utm_source=chatbot&utm_medium=whatsapp&utm_campaign=inhousebot,,"Arjuna, Garlic"
Skin Rituals Rose Water,https://kapiva.in/solution/skin/skin-rituals-rose-water/?utm_source=chatbot&utm_medium=whatsapp&utm_campaign=inhousebot,,Organic Damask Roses
Health Foods Thyro Care,https://kapiva.in/lifestyle-diseases/thyrocare-capsules/?utm_source=chatbot&utm_medium=whatsapp&utm_campaign=inhousebot,,"Kachnar, Ashwagandha, Mandukaparni, Punarnava"
Bp Care Capsules 60 Caps,https://kapiva.in/solution/bp-care-capsules/?utm_source=chatbot&utm_medium=whatsapp&utm_campaign=inhousebot,,
Skin Foods Glow Powder 150 Gram + Rose Water 200 Ml,https://kapiva.in/solution/skin/skin-rituals-rose-water/?utm_source=chatbot&utm_medium=whatsapp&utm_campaign=inhousebot,,Organic Damask Roses
Skin Foods Glow Powder 150 Gram(Packs Of 2),https://kapiva.in/solution/kapiva-skin-foods-glow-mix-150-gram-pack-of-2/?utm_source=chatbot&utm_medium=whatsapp&utm_campaign=inhousebot,,"Pomegranate, Rose, Shatavari, Mulethi"
Himalayan Shilajit Resin,https://kapiva.in/mens-health/kapiva-himalayan-shilajit-resin-20g/?utm_source=chatbot&utm_medium=whatsapp&utm_campaign=inhousebot,,Shilajeet
Shilajit Gold Resin - 20g,https://kapiva.in/mens-health/him-foods-shilajit-gold-20g/?utm_source=chatbot&utm_medium=whatsapp&utm_campaign=inhousebot,,"Nagori Ashwagandha, Black Musli, Swarna Bhasma, shilajit, Haldi, Gokshura"
Himalayan Shilajit Resin 30g,https://kapiva.in/mens-health/himalayan-shilajit-resin-30g/?utm_source=chatbot&utm_medium=whatsapp&utm_campaign=inhousebot,,Shilajeet
Shilajit Gold Capsules 60 CAP,https://kapiva.in/mens-health/shilajit-gold-capsules-60-cap/?utm_source=chatbot&utm_medium=whatsapp&utm_campaign=inhousebot,,"Shilajit, Nagori Ashwagandha, Safed Musli, Gokshura, Green Coffee Beans"
Himalayan Shilajit - Gym Power Up Combo (Pack of 2),https://kapiva.in/solution/mens-care/himalayan-shilajit-gym-power-up-combo/?utm_source=chatbot&utm_medium=whatsapp&utm_campaign=inhousebot,,Shilajeet
Power Up Combo,https://kapiva.in/mens-health/kapiva-power-up-combo/?utm_source=chatbot&utm_medium=whatsapp&utm_campaign=inhousebot,,"Ashwagandha, Shilajeet"
Himalayan Shilajit + Ashwagandha Gold Capsules,https://kapiva.in/shop-all/himalayan-shilajit-ashwagandha-gold-capsules/?utm_source=chatbot&utm_medium=whatsapp&utm_campaign=inhousebot,,"Shilajeet, Ashwagandha, Swarna Bhasma"
Himfoods Staminup,https://kapiva.in/solution/mens-care/staminup-60-capsules/?utm_source=chatbot&utm_medium=whatsapp&utm_campaign=inhousebot,,"Safed Musli, Kaunch Beej"
HimFoods Testo Boost,https://kapiva.in/himfoods-testo-boost/?utm_source=chatbot&utm_medium=whatsapp&utm_campaign=inhousebot,,"Shilajeet, Safed Musli"
Shilajeet + Stamina Caps,https://kapiva.in/mens-health/kapiva-shilajeet-stamina-capsules/?utm_source=chatbot&utm_medium=whatsapp&utm_campaign=inhousebot,,"Shilajeet, Safed Musli"
Skin Foods Glow Mix & Aloe Vera Juice - Holistic Skin Care Combo,https://kapiva.in/solution/holistic-skin-combo/?utm_source=chatbot&utm_medium=whatsapp&utm_campaign=inhousebot,,"Rose, Pomegranate, Shatavari, Aloe Vera"
Performance Booster Combo,https://kapiva.in/mens-health/kapiva-performance-booster-combo/?utm_source=chatbot&utm_medium=whatsapp&utm_campaign=inhousebot,,"Shilajeet, Ashwagandha"
Vigor Max Juice - 1 Month Pack,https://kapiva.in/solution/vigor-max-juice-1-month-pack/?utm_source=chatbot&utm_medium=whatsapp&utm_campaign=inhousebot,,"Ashwagandha, Kaunch Beej, Safed Musli"
HimFoods Testo Booster Caps & Dia Free Juice Combo,https://kapiva.in/shop-all/himfoods-testo-booster-caps-dia-free-juice-combo/?utm_source=chatbot&utm_medium=whatsapp&utm_campaign=inhousebot,,"Safed Musli, Karela"
HimFoods Testo Booster Caps & BP Care Juice Combo,https://kapiva.in/shop-all/himfoods-testo-booster-caps-bp-care-juice-combo/?utm_source=chatbot&utm_medium=whatsapp&utm_campaign=inhousebot,,Safed Musli
HimFoods StaminUP Caps & Dia Free Juice Combo,https://kapiva.in/shop-all/himfoods-staminup-caps-dia-free-juice-combo/?utm_source=chatbot&utm_medium=whatsapp&utm_campaign=inhousebot,,"Safed Musli, Kaunch Beej, Karela"
HimFoods StaminUP Caps & BP Care Juice Combo,https://kapiva.in/shop-all/himfoods-staminup-caps-bp-care-juice-combo/?utm_source=chatbot&utm_medium=whatsapp&utm_campaign=inhousebot,,"Safed Musli, Gokshura, Kaunch Beej"
A2 Cow Desi Ghee,https://kapiva.in/daily-diet/kapiva-a2-desi-cow-ghee-500gms/?utm_source=chatbot&utm_medium=whatsapp&utm_campaign=inhousebot,,Cow Milk
Kashmiri Mongra Kesar (Saffron),https://kapiva.in/solution/daily-wellness/kashmiri-mongra-kesar-1g/?utm_source=chatbot&utm_medium=whatsapp&utm_campaign=inhousebot,,Kesar
Dia Free Juice & BP Care Juice Combo,https://kapiva.in/solution/dia-free-juice-bp-care-juice-combo/?utm_source=chatbot&utm_medium=whatsapp&utm_campaign=inhousebot,,"Karela, Arjuna, Brahmi"
Kapiva Wild Amla Juice  ,https://kapiva.in/immunity/kapiva-amla-juice-1-l/?utm_source=chatbot&utm_medium=whatsapp&utm_campaign=inhousebot,,Amla
Wild Amla Juice ,https://kapiva.in/immunity/kapiva-amla-juice-1-l/?utm_source=chatbot&utm_medium=whatsapp&utm_campaign=inhousebot,,Amla
Wild Amla Juice - 1 Month Pack,https://kapiva.in/immunity/amla-power-combo-kapiva-amla-juice-1l-pack-of-2/?utm_source=chatbot&utm_medium=whatsapp&utm_campaign=inhousebot,,Amla
Amla Juice 1L (Pack Of 3),https://kapiva.in/immunity/kapiva-amla-juice-1l-pack-of-3/?utm_source=chatbot&utm_medium=whatsapp&utm_campaign=inhousebot,,Amla
Daily Detox 2.0,https://kapiva.in/detox/kapiva-daily-detox-2-0/?utm_source=chatbot&utm_medium=whatsapp&utm_campaign=inhousebot,,"Amla, Wheatgrass"
A2 Desi Ghee Gulkand Combo,https://kapiva.in/uncategorized/kapiva-a2-desi-ghee-gulkand-combo/?utm_source=chatbot&utm_medium=whatsapp&utm_campaign=inhousebot,,
Daily Detox Combo,https://kapiva.in/detox/kapiva-daily-detox-combo/?utm_source=chatbot&utm_medium=whatsapp&utm_campaign=inhousebot,,"Wheatgrass, Amla"
Dia Free Juice & Aloe Garcinia Juice - Diabetes & Weight Care Combo,https://kapiva.in/solution/dia-free-juice-aloe-garcinia-juice-diabetes-weight-care-combo/?utm_source=chatbot&utm_medium=whatsapp&utm_campaign=inhousebot,,"Karela, Garcina"
Hair Care Juice | Hair Fall Control & Hair Growth,https://kapiva.in/skin-hair/kapiva-hair-care-juice/?utm_source=chatbot&utm_medium=whatsapp&utm_campaign=inhousebot,,"Noni, Amla, Ashwagandha"
Neem Dandruff Shampoo,https://kapiva.in/solution/hair-care/neem-dandruff-shampoo/?utm_source=chatbot&utm_medium=whatsapp&utm_campaign=inhousebot,,"Neem, Thriphaladi, Shweta Kutaja"
Tulsi Anti Hairfall Shampoo,https://kapiva.in/solution/hair-care/tulsi-anti-hairfall-shampoo/?utm_source=chatbot&utm_medium=whatsapp&utm_campaign=inhousebot,,"Tulsi, Coconut"
Onion Brahmi Hair Oil,https://kapiva.in/solution/hair/onion-brahmi-hair-oil/?utm_source=chatbot&utm_medium=whatsapp&utm_campaign=inhousebot,,"Red Onion, Apple Cider Vinegar, Brahmi"
Curry Leaf Grey Control Hair Oil,https://kapiva.in/solution/hair-care/curry-leaf-grey-control-hair-oil/?utm_source=chatbot&utm_medium=whatsapp&utm_campaign=inhousebot,,"Curry Leaf, Moong Dal, Shikakai"
BP Care Juice | Controls BP & Cholesterol Level,https://kapiva.in/bp-care-juice-with-10-potent-herbs/?utm_source=chatbot&utm_medium=whatsapp&utm_campaign=inhousebot,,"Arjuna, Guggul, Shankhpushpi"
Diabetes Care,https://kapiva.in/diabetes-care/kapiva-diabetes-care/?utm_source=chatbot&utm_medium=whatsapp&utm_campaign=inhousebot,,"Karela, Jamun Seeds"
Karela Jamun - Diabetes Care Pack of 2,https://kapiva.in/diabetes-care/kapiva-diabetes-care-pack-of-2/?utm_source=chatbot&utm_medium=whatsapp&utm_campaign=inhousebot,,"Jamun Seeds, Karela"
Thyrocare Capsules - Manage Hypothyroidism,https://kapiva.in/lifestyle-diseases/thyrocare-capsules/?utm_source=chatbot&utm_medium=whatsapp&utm_campaign=inhousebot,,"Kachnar, Ashwagandha, Mandukaparni, Punarnava"
BP & Weight Care Combo,https://kapiva.in/solution/weight-management/bp-weight-care-combo/?utm_source=chatbot&utm_medium=whatsapp&utm_campaign=inhousebot,,Garcina
Tulsi Anti-Acne Serum,https://kapiva.in/solution/skin-care/tulsi-anti-acne-serum/?utm_source=chatbot&utm_medium=whatsapp&utm_campaign=inhousebot,,"Tulsi, Manjistha, Mulethi"
Glow Kumkumadi Face Wash,https://kapiva.in/solution/skin/glow-kumkumadi-face-wash/?utm_source=chatbot&utm_medium=whatsapp&utm_campaign=inhousebot,,"Kumkumadi Tailam, Turmeric, Manjistha"
Skin Rituals Rose Water 200ML,https://kapiva.in/solution/skin/skin-rituals-rose-water/?utm_source=chatbot&utm_medium=whatsapp&utm_campaign=inhousebot,,Organic Damask Roses
Aloe Rose Gel,https://kapiva.in/solution/aloe-rose-gel/?utm_source=chatbot&utm_medium=whatsapp&utm_campaign=inhousebot,,"Aloe Vera, Rose"
Acne Regime - Acne Face Wash & Tulsi Anti Acne Serum & Aloe Rose Gel,https://kapiva.in/solution/skin/acne-regime/?utm_source=chatbot&utm_medium=whatsapp&utm_campaign=inhousebot,,"Panch Tulsi, Rose, Manjistha"
Glow Mix & Kumkumadi Glow Oil Combo,https://kapiva.in/solution/glow-mix-kumkumadi-glow-oil-combo/?utm_source=chatbot&utm_medium=whatsapp&utm_campaign=inhousebot,,"Pomegranate, Rose, Kumkumadi Tailam"
Milk Thistle + Anti - Aging Capsules 60 CAPS,https://kapiva.in/skin-hair/kapiva-milk-thistle-anti-aging-capsules-60-caps/?utm_source=chatbot&utm_medium=whatsapp&utm_campaign=inhousebot,,Turmeric
Aloe Rose Gel - Pack of 2,https://kapiva.in/skin-care/aloe-rose-gel-pack-of-2/?utm_source=chatbot&utm_medium=whatsapp&utm_campaign=inhousebot,,"Aloe Vera, Rose"
Glow Kumkumadi Face Wash - Pack of 2,https://kapiva.in/skin-care/glow-kumkumadi-face-wash-pack-of-2/?utm_source=chatbot&utm_medium=whatsapp&utm_campaign=inhousebot,,"Kumkumadi Tailam, Turmeric, Manjistha"
Acne Control Tulsi Face Wash - Pack of 2,https://kapiva.in/skin-care/acne-control-tulsi-face-wash-pack-of-2/?utm_source=chatbot&utm_medium=whatsapp&utm_campaign=inhousebot,,"Panch Tulsi, Green Tea, Neem"
Face Oil Combos - Kumkumadi Glow Oil & Ashwagandha Face Oil,https://kapiva.in/solution/skin/face-oil-combos/?utm_source=chatbot&utm_medium=whatsapp&utm_campaign=inhousebot,,"Ashwagandha Oil, Bakuchi Oil, Kumkumadi Tailam, Chirata Actives"
Glow Regime - Kumkumadi Face Wash & Face Oil,https://kapiva.in/solution/skin/glow-regime/?utm_source=chatbot&utm_medium=whatsapp&utm_campaign=inhousebot,,"Kumkumadi Tailam, Kesar, Manjistha"
Slimfit Combo 1.0,https://kapiva.in/weight-loss/kapiva-slimfit-combo-1-0/?utm_source=chatbot&utm_medium=whatsapp&utm_campaign=inhousebot,,"Daruharidra, Katuki, Aloe Vera, Garcinia"
Aloe Garcinia Juice (Metabolism Booster),https://kapiva.in/weight-loss/kapiva-aloe-garcinia-juice-1-l/?utm_source=chatbot&utm_medium=whatsapp&utm_campaign=inhousebot,,"Aloe Vera, Garcinia"
Meal Replacement Slim Shake Chocolate,https://kapiva.in/weight-loss/kapiva-meal-replacement-slim-shake-chocolate-500g/?utm_source=chatbot&utm_medium=whatsapp&utm_campaign=inhousebot,,"Garcina, Green Coffee Beans, Cinnamon, Apple Cider Vinegar"
Just Lose It Combo,https://kapiva.in/weight-loss/just-lose-it-combo/?utm_source=chatbot&utm_medium=whatsapp&utm_campaign=inhousebot,,"Daruharidra, Garcinia, Katuki"
Weight Combat Combo,https://kapiva.in/solution/weight-combat-combo/?utm_source=chatbot&utm_medium=whatsapp&utm_campaign=inhousebot,,"Garcinia, Apple Cider Vinegar"
Meal Replacement Slim Shake Mango,https://kapiva.in/weight-loss/kapiva-meal-replacement-slim-shake-mango-500g/?utm_source=chatbot&utm_medium=whatsapp&utm_campaign=inhousebot,,"Green Coffee Beans, Garcina, Cinnamon, Apple Cider Vinegar"
Dia Foods Green Tea - 45G,https://kapiva.in/diabetes-care/dia-free-green-tea-45g/?utm_source=chatbot&utm_medium=whatsapp&utm_campaign=inhousebot,,"Jamun Seeds, Green Tea, Methi Seeds, Vijaysar"
Get Slim Combo - Ayurvedic Weight Care,https://kapiva.in/weight-loss/get-slim-juice-get-slim-mix-combo/?utm_source=chatbot&utm_medium=whatsapp&utm_campaign=inhousebot,,"Daruharidra, Gokshura, Madhunashini, Amla, Cinnamon, Green Coffee Beans, Apple Cider Vinegar"
Fit Max Combo,https://kapiva.in/weight-loss/kapiva-fit-max-combo/?utm_source=chatbot&utm_medium=whatsapp&utm_campaign=inhousebot,,"Daruharidra, Katuki, Apple Cider Vinegar"
Get Slim Combo,https://kapiva.in/weight-loss/kapiva-get-slim-combo/?utm_source=chatbot&utm_medium=whatsapp&utm_campaign=inhousebot,,Garcina
Weight Management Combo,https://kapiva.in/weight-loss/kapiva-weight-management-combo/?utm_source=chatbot&utm_medium=whatsapp&utm_campaign=inhousebot,,"Garcinia, Aloe Vera, Himalayan Apple"
Aloe Garcinia Juice & Triphala Juice - Weight Wellness Combo,https://kapiva.in/solution/weight-loss/aloe-garcinia-juice-triphala-juice-weight-wellness-combo/?utm_source=chatbot&utm_medium=whatsapp&utm_campaign=inhousebot,,Garcina
Get Slim Tea,https://kapiva.in/weight-loss/kapiva-get-slim-green-tea-100-grams/?utm_source=chatbot&utm_medium=whatsapp&utm_campaign=inhousebot,,"Garcina, Ginger, Cinnamon, Green Tea"
Get Slim Green Tea 45g - Pack of 2,https://kapiva.in/weight-management/get-slim-green-tea-45g-pack-of-2/?utm_source=chatbot&utm_medium=whatsapp&utm_campaign=inhousebot,,"Green Tea, Garcinia, Ginger, Cinnamon"
Weight & PCOS Care Combo,https://kapiva.in/weight-management/weight-pcos-care-combo/?utm_source=chatbot&utm_medium=whatsapp&utm_campaign=inhousebot,,"Garcinia, Green Coffee Beans, Methika, Gajar Beej"
Aloe Vera Skin Gel 500GMS,https://kapiva.in/skin-hair/kapiva-aloe-vera-skin-gel-500gms/?utm_source=chatbot&utm_medium=whatsapp&utm_campaign=inhousebot,,Aloe Vera
Period Care Juice - 2 Months Pack,https://kapiva.in/solution/womens-care/period-care-juice-2-months-pack/?utm_source=chatbot&utm_medium=whatsapp&utm_campaign=inhousebot,,"Lodhra, Ashoka, Mulethi, Shatavari, Noni"
Period Care Juice - 1 Month Pack,https://kapiva.in/solution/womens-care/period-care-juice-1-month-pack/?utm_source=chatbot&utm_medium=whatsapp&utm_campaign=inhousebot,,"Lodhra, Ashoka, Mulethi, Shatavari, Noni"
PCOS Weight Care Combo,https://kapiva.in/solution/weight-management/pcos-weight-care-combo/?utm_source=chatbot&utm_medium=whatsapp&utm_campaign=inhousebot,,"Methika, Kachnar"
Tulsi Hair Serum,https://kapiva.in/comorbidity/tulsi-hair-growth-serum?utm_source=chatbot&utm_medium=whatsapp&utm_campaign=inhousebot,,"Tulsi, Ginger, Jatamansi"
Stage 1 - Tulsi Hair Growth Serum,https://kapiva.in/comorbidity/stage-1-hair-growth-kit?utm_source=chatbot&utm_medium=whatsapp&utm_campaign=inhousebot,,"Bhringraj, Hibiscus, Sesbania, Tulsi, Ginger, Jatamansi"
Stage 2 - Early Hair Growth Kit,https://kapiva.in/comorbidity/stage-2-hair-growth?utm_source=chatbot&utm_medium=whatsapp&utm_campaign=inhousebot,,"Bhringraj, Hibiscus, Sesbania, Tulsi, Ginger, Jatamansi"
Stage 3 - Advanced Hair Growth Kit,https://kapiva.in/comorbidity/stage-3-hair-growth-kit?utm_source=chatbot&utm_medium=whatsapp&utm_campaign=inhousebot,,"Shilajeet, Bhringraj, Hibiscus, Sesbania, Tulsi, Ginger, Jatamansi"
Ghee Kumkumadi Stretch Mark Cream,https://kapiva.in/solution/skin-care/ghee-kumkumadi-stretch-marks-cream/?utm_source=chatbot&utm_medium=whatsapp&utm_campaign=inhousebot,,"Shata Dhauta Ghee, Raktachandan, Kumkumadi Tailam, Almond Oil"
Acne Ease Fizz,https://kapiva.in/skin-care/acne-ease-fizz/?utm_source=chatbot&utm_medium=whatsapp&utm_campaign=inhousebot,,"Manjistha, Neem, Lodhara"
Get Slim Fizz,https://kapiva.in/weight-management/get-slim-fizz/?utm_source=chatbot&utm_medium=whatsapp&utm_campaign=inhousebot,,"Garcinia, Cinnamon, Daruharidra, Triphala, Green Coffee Beans"
Testofuel Shilajit Whey Protein - Chocolate,https://kapiva.in/mens-health/testofuel-shilajit-whey-protein-chocolate/?utm_source=chatbot&utm_medium=whatsapp&utm_campaign=inhousebot,,"Shilajit, Gokshura, Black Musli"
Testofuel Shilajit Whey Protein - Cookie & Cream,https://kapiva.in/mens-health/testofuel-shilajit-whey-protein-cookie-cream/?utm_source=chatbot&utm_medium=whatsapp&utm_campaign=inhousebot,,"Shilajit, Gokshura, Black Musli"
Shilajit Plus Gummies (60 pcs),https://kapiva.in/mens-health/shilajit-plus-gummies-60-pcs/?utm_source=chatbot&utm_medium=whatsapp&utm_campaign=inhousebot,,"Shilajit, Gokshura, Black Musli"
,,,
"Kapiva's products are unique because they are made from high-quality Ayurvedic herbs, are 100% natural, and free from artificial additives. They offer a wide range of products trusted by customers. When choosing Kapiva, you choose a healthy lifestyle.",,,
,,,
Why should I choose your products? Here are some reasons to consider Kapiva's products:  ,,,
Ayurvedic Expertise: Kapiva's products are based on Ayurvedic principles and are designed to cater to specific health needs.,,,
"Quality Ingredients: We use high-quality, natural ingredients in our products. For instance, our Himalayan Shilajit Resin is sourced from the Himalayas and purified using traditional techniques.",,,
"Wide Range: We offer a wide range of products for various health concerns like weight management, diabetes care, women's health, and more.",,,
"Trusted by Many: Our products are trusted by thousands of users. For example, our Himalayan Shilajit Resin is trusted by over 5 lakh users.",,,
"Easy to Use: Our products are easy to incorporate into your daily routine. They come in various forms like capsules, juices, and powders.",,,
Backed by Research: Our products are backed by research and are made with scientifically proven ingredients.,,,
"Remember, it's always best to choose a product based on your specific health needs.",,,
,,,
Kapiva-Modern Ayurvedic Nutrition,,,
,,,
"We're with you to help you live consciously, in synergy with Mother nature. Kapiva tri-dosha synergy is an ever growing family of Ayurvedic experts, nutritionist, food scientists and curious minds like you.",,,
"Kapiva is a modern Ayurvedic nutrition brand founded in 2016 by Ameve Sharma and Shrey Badhani. The name Kapiva is derived from the synergy of the three doshas of ayurveda - Kapha, Vata and Pitta",,,
,,,
Track order at https://kapiva.in/track-order/?utm_source=chatbot&utm_medium=whatsapp&utm_campaign=inhousebot.,,,
"For other queries andd complaints:- Contact us: tel:1800-274-2575, email: info@kapiva.in",,,
,,,
"If you're looking for information about your order, you can track it on our website. Just visit https://kapiva.in/track-order/?utm_source=chatbot&utm_medium=whatsapp&utm_campaign=inhousebot and enter your order details. ",,,
"If you have any further questions or need assistance, you can reach out to us at tel:1800-274-2575 or email us at info@kapiva.in. Our team will be happy to help you.",,,
,,,
"For complaints, queries or assistance, you can Contact us at: tel:1800-274-2575, email: info@kapiva.in",,,
,,,
doctor consulatation: https://kapiva.in/consult-a-doctor/?utm_source=chatbot&utm_medium=whatsapp&utm_campaign=inhousebot,,,
"For discounts on products, please check out our website!",,,
,,,
"I do not have that information right now, but you can always ask the brilliant minds at Kapiva Academy of Ayurveda .",,,
,,,
Link to Kapiva Academy of Ayurveda = https://kapiva.in/consult-a-doctor/?utm_source=chatbot&utm_medium=whatsapp&utm_campaign=inhousebot,,,
,,,
Dosha test: https://kripalu.org/content/whats-your-dosha,,,
,,,
Dia free juice cannot manage type 1 diabetes,,,
